{"cameraMode":{"drawMode":0,"name":"Shaded","section":"Shading Mode"},"sceneLighting":true,"audioPlay":false,"sceneViewState":{"m_AlwaysRefresh":false,"showFog":true,"showSkybox":true,"showFlares":true,"showImageEffects":true,"showParticleSystems":true,"showVisualEffectGraphs":true,"m_FxEnabled":true},"in2DMode":false,"pivot":{"x":-1.983476996421814,"y":4.668385982513428,"z":10.877174377441407},"rotation":{"x":0.001042882795445621,"y":-0.7186728119850159,"z":0.0010782000608742238,"w":0.6953414082527161},"size":12.966202735900879,"orthographic":true}