{"cameraMode":{"drawMode":0,"name":"Shaded","section":"Shading Mode"},"sceneLighting":false,"audioPlay":false,"sceneViewState":{"m_AlwaysRefresh":false,"showFog":true,"showSkybox":false,"showFlares":true,"showImageEffects":true,"showParticleSystems":true,"showVisualEffectGraphs":true,"m_FxEnabled":true},"in2DMode":false,"pivot":{"x":-2.6756482124328615,"y":6.3973002433776859,"z":11.67685604095459},"rotation":{"x":-0.00021974441187921911,"y":0.7037027478218079,"z":-0.00021817651577293873,"w":-0.7104926109313965},"size":0.8660253882408142,"orthographic":true}